{
  "test_accuracy": 0.9825,
  "roc_auc_score": 0.998575,
  "classification_report": {
    "Normal": {
      "precision": 0.9800995024875622,
      "recall": 0.985,
      "f1-score": 0.9825436408977556,
      "support": 200.0
    },
    "Paralyzed": {
      "precision": 0.9849246231155779,
      "recall": 0.98,
      "f1-score": 0.9824561403508771,
      "support": 200.0
    },
    "accuracy": 0.9825,
    "macro avg": {
      "precision": 0.98251206280157,
      "recall": 0.9824999999999999,
      "f1-score": 0.9824998906243163,
      "support": 400.0
    },
    "weighted avg": {
      "precision": 0.9825120628015699,
      "recall": 0.9825,
      "f1-score": 0.9824998906243164,
      "support": 400.0
    }
  },
  "confusion_matrix": [
    [
      197,
      3
    ],
    [
      4,
      196
    ]
  ],
  "model_name": "svm",
  "timestamp": "2025-09-21T01:22:58.235066"
}