{
    "accuracy": 0.95,
    "classification_report": {
        "Normal": {
            "precision": 0.9354838709677419,
            "recall": 0.9666666666666667,
            "f1-score": 0.9508196721311475,
            "support": 60.0
        },
        "Paralytic": {
            "precision": 0.9655172413793104,
            "recall": 0.9333333333333333,
            "f1-score": 0.9491525423728814,
            "support": 60.0
        },
        "accuracy": 0.95,
        "macro avg": {
            "precision": 0.9505005561735261,
            "recall": 0.95,
            "f1-score": 0.9499861072520144,
            "support": 120.0
        },
        "weighted avg": {
            "precision": 0.9505005561735262,
            "recall": 0.95,
            "f1-score": 0.9499861072520145,
            "support": 120.0
        }
    },
    "confusion_matrix": [
        [
            58,
            2
        ],
        [
            4,
            56
        ]
    ],
    "feature_dimension": 4146,
    "dataset_size": 600,
    "paralytic_images": 300,
    "normal_images": 300,
    "model_type": "Working Enhanced RandomForestClassifier",
    "image_size": [
        64,
        64
    ],
    "features_used": [
        "pixel_values",
        "asymmetry",
        "edge_density",
        "texture"
    ]
}